{
  "List Providers" : {
    "transaction" : "List Providers",
    "sampleCount" : 866,
    "errorCount" : 214,
    "errorPct" : 24.711317,
    "meanResTime" : 139965.41570438797,
    "medianResTime" : 77683.0,
    "minResTime" : 17392.0,
    "maxResTime" : 613989.0,
    "pct1ResTime" : 581661.3,
    "pct2ResTime" : 612529.9,
    "pct3ResTime" : 613749.98,
    "throughput" : 1.410393591015174,
    "receivedKBytesPerSec" : 2.943926879398319,
    "sentKBytesPerSec" : 1.9160832099646097
  },
  "Total" : {
    "transaction" : "Total",
    "sampleCount" : 2518,
    "errorCount" : 1790,
    "errorPct" : 71.088165,
    "meanResTime" : 85310.42930897539,
    "medianResTime" : 39931.0,
    "minResTime" : 355.0,
    "maxResTime" : 615125.0,
    "pct1ResTime" : 132103.5,
    "pct2ResTime" : 446049.35,
    "pct3ResTime" : 613397.62,
    "throughput" : 4.089906474656549,
    "receivedKBytesPerSec" : 16.886591371868818,
    "sentKBytesPerSec" : 6.809584388430665
  },
  "BasicPatientSearch" : {
    "transaction" : "BasicPatientSearch",
    "sampleCount" : 1076,
    "errorCount" : 1000,
    "errorPct" : 92.936806,
    "meanResTime" : 76701.87174721187,
    "medianResTime" : 62746.0,
    "minResTime" : 1527.0,
    "maxResTime" : 615125.0,
    "pct1ResTime" : 132074.8,
    "pct2ResTime" : 187035.19999999998,
    "pct3ResTime" : 526144.9300000003,
    "throughput" : 1.7477150574748115,
    "receivedKBytesPerSec" : 13.569085960049444,
    "sentKBytesPerSec" : 2.8484057683530386
  },
  "Book appointment" : {
    "transaction" : "Book appointment",
    "sampleCount" : 576,
    "errorCount" : 576,
    "errorPct" : 100.0,
    "meanResTime" : 19219.439236111102,
    "medianResTime" : 20922.5,
    "minResTime" : 355.0,
    "maxResTime" : 23474.0,
    "pct1ResTime" : 22246.0,
    "pct2ResTime" : 22957.45,
    "pct3ResTime" : 23087.15,
    "throughput" : 2.1619998498611217,
    "receivedKBytesPerSec" : 0.8815637374727873,
    "sentKBytesPerSec" : 4.737819983484723
  }
}